pair_id,task_id,model_a,model_b,runtime_a_ms,runtime_b_ms,delta_runtime_pct,joules_a,joules_b,delta_joules_pct,passes_runtime_match,passes_energy_separation,seed_a,seed_b
1,L1_1,M1_GRPO_THROUGHPUT,M2_GRPO_ENERGY,24.231867,23.800938,-1.7784,4.579811,4.207166,-8.1367,1,1,11,22
2,L1_1,M1_GRPO_THROUGHPUT,M2_GRPO_ENERGY,23.760363,23.709141,-0.2156,4.644345,4.225197,-9.0249,1,1,11,22
3,L1_1,M1_GRPO_THROUGHPUT,M3_GRPO_IPW_BLEND,26.103868,25.681976,-1.6162,4.808181,4.29511,-10.6708,1,1,22,33
4,L1_1,M1_GRPO_THROUGHPUT,M3_GRPO_IPW_BLEND,25.650691,25.451556,-0.7763,4.889706,4.368783,-10.6535,1,1,22,33
5,L1_2,M1_GRPO_THROUGHPUT,M2_GRPO_ENERGY,24.452635,25.33272,3.5991,6.330197,5.315374,-16.0315,0,1,33,11
6,L1_2,M1_GRPO_THROUGHPUT,M2_GRPO_ENERGY,24.319058,24.868218,2.2581,6.403438,5.357785,-16.3295,1,1,33,11
7,L1_2,M1_GRPO_THROUGHPUT,M3_GRPO_IPW_BLEND,24.237797,24.531238,1.2107,7.766992,6.397301,-17.6348,1,1,11,22
8,L1_2,M1_GRPO_THROUGHPUT,M3_GRPO_IPW_BLEND,24.287467,24.674527,1.5937,7.958006,6.395343,-19.6364,1,1,11,22
9,L1_3,M1_GRPO_THROUGHPUT,M2_GRPO_ENERGY,25.313827,24.680945,-2.5001,7.587556,6.689177,-11.8402,1,1,22,33
10,L1_3,M1_GRPO_THROUGHPUT,M2_GRPO_ENERGY,25.001926,25.093512,0.3663,7.797303,6.800927,-12.7785,1,1,22,33
11,L1_3,M1_GRPO_THROUGHPUT,M3_GRPO_IPW_BLEND,28.044639,28.159411,0.4092,7.031893,5.471391,-22.1918,1,1,33,11
12,L1_3,M1_GRPO_THROUGHPUT,M3_GRPO_IPW_BLEND,28.003828,28.357708,1.2637,7.111618,5.521135,-22.3646,1,1,33,11
13,L1_4,M1_GRPO_THROUGHPUT,M2_GRPO_ENERGY,25.878816,26.348438,1.8147,4.848146,4.329105,-10.706,1,1,11,22
14,L1_4,M1_GRPO_THROUGHPUT,M2_GRPO_ENERGY,25.895693,26.06007,0.6348,4.88781,4.331372,-11.3842,1,1,11,22
15,L1_4,M1_GRPO_THROUGHPUT,M3_GRPO_IPW_BLEND,25.141516,24.272872,-3.455,6.380324,5.875796,-7.9076,0,0,22,33
16,L1_4,M1_GRPO_THROUGHPUT,M3_GRPO_IPW_BLEND,24.91385,24.227634,-2.7544,6.577044,5.782596,-12.0791,1,1,22,33
17,L1_5,M1_GRPO_THROUGHPUT,M2_GRPO_ENERGY,23.433328,23.11046,-1.3778,7.793512,6.985237,-10.3711,1,1,33,11
18,L1_5,M1_GRPO_THROUGHPUT,M2_GRPO_ENERGY,23.19057,22.812966,-1.6283,7.847383,6.994678,-10.8661,1,1,33,11
19,L1_5,M1_GRPO_THROUGHPUT,M3_GRPO_IPW_BLEND,22.936084,23.481138,2.3764,7.266154,6.102117,-16.02,1,1,11,22
20,L1_5,M1_GRPO_THROUGHPUT,M3_GRPO_IPW_BLEND,23.246911,23.611761,1.5695,7.157959,6.104151,-14.7222,1,1,11,22
21,L1_6,M1_GRPO_THROUGHPUT,M2_GRPO_ENERGY,28.860047,28.935714,0.2622,7.642659,6.690293,-12.4612,1,1,22,33
22,L1_6,M1_GRPO_THROUGHPUT,M2_GRPO_ENERGY,28.814837,29.284105,1.6286,7.710351,6.792191,-11.9081,1,1,22,33
23,L1_6,M1_GRPO_THROUGHPUT,M3_GRPO_IPW_BLEND,28.677316,28.788169,0.3866,5.62118,4.450794,-20.821,1,1,33,11
24,L1_6,M1_GRPO_THROUGHPUT,M3_GRPO_IPW_BLEND,28.845465,28.999366,0.5335,5.689233,4.467917,-21.4671,1,1,33,11
25,L1_7,M1_GRPO_THROUGHPUT,M2_GRPO_ENERGY,26.422784,25.55949,-3.2672,7.043142,6.151271,-12.663,0,1,11,22
26,L1_7,M1_GRPO_THROUGHPUT,M2_GRPO_ENERGY,26.573062,25.623863,-3.572,6.986666,6.144017,-12.0608,0,1,11,22
27,L1_7,M1_GRPO_THROUGHPUT,M3_GRPO_IPW_BLEND,26.292068,26.97429,2.5948,7.314553,5.963003,-18.4775,1,1,22,33
28,L1_7,M1_GRPO_THROUGHPUT,M3_GRPO_IPW_BLEND,26.307194,27.300579,3.7761,7.387993,5.958651,-19.3468,0,1,22,33
29,L1_8,M1_GRPO_THROUGHPUT,M2_GRPO_ENERGY,25.35467,26.119734,3.0174,5.569177,4.775239,-14.2559,0,1,33,11
30,L1_8,M1_GRPO_THROUGHPUT,M2_GRPO_ENERGY,25.389422,26.373887,3.8775,5.380066,4.718134,-12.3034,0,1,33,11
31,L1_8,M1_GRPO_THROUGHPUT,M3_GRPO_IPW_BLEND,23.187502,23.219539,0.1382,5.57775,4.806567,-13.826,1,1,11,22
32,L1_8,M1_GRPO_THROUGHPUT,M3_GRPO_IPW_BLEND,23.200997,23.124345,-0.3304,5.406213,4.811422,-11.002,1,1,11,22
33,L1_9,M1_GRPO_THROUGHPUT,M2_GRPO_ENERGY,27.285274,27.553453,0.9829,5.673273,5.07534,-10.5395,1,1,22,33
34,L1_9,M1_GRPO_THROUGHPUT,M2_GRPO_ENERGY,27.505976,27.868477,1.3179,5.677997,5.104057,-10.1081,1,1,22,33
35,L1_9,M1_GRPO_THROUGHPUT,M3_GRPO_IPW_BLEND,26.986315,27.078739,0.3425,7.35233,5.911474,-19.5973,1,1,33,11
36,L1_9,M1_GRPO_THROUGHPUT,M3_GRPO_IPW_BLEND,26.614037,27.121369,1.9063,7.346792,6.006555,-18.2425,1,1,33,11
37,L1_10,M1_GRPO_THROUGHPUT,M2_GRPO_ENERGY,29.223454,28.471256,-2.574,5.272118,4.744901,-10.0001,1,1,11,22
38,L1_10,M1_GRPO_THROUGHPUT,M2_GRPO_ENERGY,29.219325,28.755191,-1.5884,5.172383,4.613386,-10.8073,1,1,11,22
39,L1_10,M1_GRPO_THROUGHPUT,M3_GRPO_IPW_BLEND,27.234607,26.48269,-2.7609,6.167704,4.967485,-19.4597,1,1,22,33
40,L1_10,M1_GRPO_THROUGHPUT,M3_GRPO_IPW_BLEND,26.982378,26.434853,-2.0292,6.228102,4.891657,-21.4583,1,1,22,33
41,L1_11,M1_GRPO_THROUGHPUT,M2_GRPO_ENERGY,24.308183,24.806271,2.0491,6.951393,6.454221,-7.1521,1,0,33,11
42,L1_11,M1_GRPO_THROUGHPUT,M2_GRPO_ENERGY,24.380383,25.339333,3.9333,7.022792,6.324975,-9.9365,0,1,33,11
43,L1_11,M1_GRPO_THROUGHPUT,M3_GRPO_IPW_BLEND,29.687554,29.642126,-0.153,4.591483,3.979935,-13.3192,1,1,11,22
44,L1_11,M1_GRPO_THROUGHPUT,M3_GRPO_IPW_BLEND,29.914702,29.979216,0.2157,4.57752,3.997974,-12.6607,1,1,11,22
45,L1_12,M1_GRPO_THROUGHPUT,M2_GRPO_ENERGY,22.594471,22.611328,0.0746,6.592127,5.725844,-13.1412,1,1,22,33
46,L1_12,M1_GRPO_THROUGHPUT,M2_GRPO_ENERGY,22.804568,22.153832,-2.8535,6.564674,5.711244,-13.0003,1,1,22,33
47,L1_12,M1_GRPO_THROUGHPUT,M3_GRPO_IPW_BLEND,28.866275,29.55799,2.3963,7.758614,6.610953,-14.7921,1,1,33,11
48,L1_12,M1_GRPO_THROUGHPUT,M3_GRPO_IPW_BLEND,28.828022,29.35109,1.8144,7.820646,6.498123,-16.9107,1,1,33,11
49,L1_13,M1_GRPO_THROUGHPUT,M2_GRPO_ENERGY,30.412803,29.985073,-1.4064,7.236752,6.14584,-15.0746,1,1,11,22
50,L1_13,M1_GRPO_THROUGHPUT,M2_GRPO_ENERGY,30.970778,29.783523,-3.8335,7.006477,6.047254,-13.6905,0,1,11,22
51,L1_13,M1_GRPO_THROUGHPUT,M3_GRPO_IPW_BLEND,23.402745,23.850126,1.9117,4.663092,3.76475,-19.2649,1,1,22,33
52,L1_13,M1_GRPO_THROUGHPUT,M3_GRPO_IPW_BLEND,23.70292,23.903011,0.8442,4.620948,3.702066,-19.8851,1,1,22,33
53,L1_14,M1_GRPO_THROUGHPUT,M2_GRPO_ENERGY,23.61285,23.279431,-1.412,6.211433,5.420172,-12.7388,1,1,33,11
54,L1_14,M1_GRPO_THROUGHPUT,M2_GRPO_ENERGY,23.424698,23.503572,0.3367,6.155232,5.450694,-11.4462,1,1,33,11
55,L1_14,M1_GRPO_THROUGHPUT,M3_GRPO_IPW_BLEND,24.721371,25.119092,1.6088,7.033904,6.085903,-13.4776,1,1,11,22
56,L1_14,M1_GRPO_THROUGHPUT,M3_GRPO_IPW_BLEND,24.708148,24.818064,0.4449,7.129842,6.042168,-15.2552,1,1,11,22
57,L1_15,M1_GRPO_THROUGHPUT,M2_GRPO_ENERGY,26.081282,25.759556,-1.2336,6.678138,6.001533,-10.1316,1,1,22,33
58,L1_15,M1_GRPO_THROUGHPUT,M2_GRPO_ENERGY,26.037865,26.033003,-0.0187,6.889251,5.85511,-15.0109,1,1,22,33
59,L1_15,M1_GRPO_THROUGHPUT,M3_GRPO_IPW_BLEND,22.841225,23.749872,3.9781,4.583014,3.933364,-14.1752,0,1,33,11
60,L1_15,M1_GRPO_THROUGHPUT,M3_GRPO_IPW_BLEND,22.927528,23.376624,1.9588,4.559616,3.866515,-15.2009,1,1,33,11
61,L1_16,M1_GRPO_THROUGHPUT,M2_GRPO_ENERGY,30.961045,30.42883,-1.719,5.658947,4.82972,-14.6534,1,1,11,22
62,L1_16,M1_GRPO_THROUGHPUT,M2_GRPO_ENERGY,30.637316,30.764286,0.4144,5.571356,4.815865,-13.5603,1,1,11,22
63,L1_16,M1_GRPO_THROUGHPUT,M3_GRPO_IPW_BLEND,22.312958,22.088039,-1.008,5.418578,4.50156,-16.9236,1,1,22,33
64,L1_16,M1_GRPO_THROUGHPUT,M3_GRPO_IPW_BLEND,22.31527,22.14709,-0.7537,5.395176,4.554813,-15.5762,1,1,22,33
65,L1_17,M1_GRPO_THROUGHPUT,M2_GRPO_ENERGY,25.771528,26.256333,1.8812,7.774127,6.767132,-12.9532,1,1,33,11
66,L1_17,M1_GRPO_THROUGHPUT,M2_GRPO_ENERGY,25.730331,26.143295,1.605,7.644943,6.547909,-14.3498,1,1,33,11
67,L1_17,M1_GRPO_THROUGHPUT,M3_GRPO_IPW_BLEND,27.464151,27.911475,1.6288,7.151921,6.234901,-12.822,1,1,11,22
68,L1_17,M1_GRPO_THROUGHPUT,M3_GRPO_IPW_BLEND,27.100015,27.822657,2.6666,7.04441,6.377903,-9.4615,1,1,11,22
69,L1_18,M1_GRPO_THROUGHPUT,M2_GRPO_ENERGY,31.255355,32.138718,2.8263,6.015549,5.3965,-10.2908,1,1,22,33
70,L1_18,M1_GRPO_THROUGHPUT,M2_GRPO_ENERGY,30.943883,31.781323,2.7063,5.977757,5.385435,-9.9088,1,1,22,33
71,L1_18,M1_GRPO_THROUGHPUT,M3_GRPO_IPW_BLEND,22.355631,22.028785,-1.462,6.03804,5.230173,-13.3796,1,1,33,11
72,L1_18,M1_GRPO_THROUGHPUT,M3_GRPO_IPW_BLEND,22.493471,21.63755,-3.8052,5.975311,5.145719,-13.8837,0,1,33,11
73,L1_19,M1_GRPO_THROUGHPUT,M2_GRPO_ENERGY,28.931215,28.228511,-2.4289,5.860582,4.89917,-16.4047,1,1,11,22
74,L1_19,M1_GRPO_THROUGHPUT,M2_GRPO_ENERGY,28.638634,28.007292,-2.2045,5.756872,4.972579,-13.6236,1,1,11,22
75,L1_19,M1_GRPO_THROUGHPUT,M3_GRPO_IPW_BLEND,31.138072,31.470326,1.067,7.330803,5.962479,-18.6654,1,1,22,33
76,L1_19,M1_GRPO_THROUGHPUT,M3_GRPO_IPW_BLEND,30.950538,31.241838,0.9412,7.231624,6.133598,-15.1837,1,1,22,33
77,L1_20,M1_GRPO_THROUGHPUT,M2_GRPO_ENERGY,22.386278,22.213909,-0.77,7.261782,6.554976,-9.7332,1,1,33,11
78,L1_20,M1_GRPO_THROUGHPUT,M2_GRPO_ENERGY,22.323725,22.345048,0.0955,7.368818,6.378319,-13.4418,1,1,33,11
79,L1_20,M1_GRPO_THROUGHPUT,M3_GRPO_IPW_BLEND,25.928653,24.953735,-3.76,5.196679,4.32568,-16.7607,0,1,11,22
80,L1_20,M1_GRPO_THROUGHPUT,M3_GRPO_IPW_BLEND,25.817532,25.005513,-3.1452,5.214377,4.383539,-15.9336,0,1,11,22
81,L2_1,M1_GRPO_THROUGHPUT,M2_GRPO_ENERGY,26.654942,26.88517,0.8637,6.853822,6.060395,-11.5764,1,1,22,33
82,L2_1,M1_GRPO_THROUGHPUT,M2_GRPO_ENERGY,26.793465,26.829216,0.1334,6.820148,6.054481,-11.2265,1,1,22,33
83,L2_1,M1_GRPO_THROUGHPUT,M3_GRPO_IPW_BLEND,31.143185,31.466653,1.0386,6.037385,5.095768,-15.5964,1,1,33,11
84,L2_1,M1_GRPO_THROUGHPUT,M3_GRPO_IPW_BLEND,31.576345,31.647801,0.2263,6.242761,5.065169,-18.8633,1,1,33,11
85,L2_2,M1_GRPO_THROUGHPUT,M2_GRPO_ENERGY,23.882726,23.089933,-3.3195,6.6206,5.822328,-12.0574,0,1,11,22
86,L2_2,M1_GRPO_THROUGHPUT,M2_GRPO_ENERGY,23.841404,23.222778,-2.5948,6.799039,5.729882,-15.7251,1,1,11,22
87,L2_2,M1_GRPO_THROUGHPUT,M3_GRPO_IPW_BLEND,22.261619,22.03894,-1.0003,6.59147,5.601308,-15.0219,1,1,22,33
88,L2_2,M1_GRPO_THROUGHPUT,M3_GRPO_IPW_BLEND,22.070379,22.103839,0.1516,6.514886,5.673639,-12.9127,1,1,22,33
89,L2_3,M1_GRPO_THROUGHPUT,M2_GRPO_ENERGY,26.464118,26.903257,1.6594,5.23792,4.643987,-11.3391,1,1,33,11
90,L2_3,M1_GRPO_THROUGHPUT,M2_GRPO_ENERGY,26.664409,26.851862,0.703,5.213607,4.7027,-9.7995,1,1,33,11
91,L2_3,M1_GRPO_THROUGHPUT,M3_GRPO_IPW_BLEND,25.733469,26.426997,2.695,7.07994,6.046853,-14.5918,1,1,11,22
92,L2_3,M1_GRPO_THROUGHPUT,M3_GRPO_IPW_BLEND,26.116053,25.841613,-1.0508,7.310158,6.047679,-17.2702,1,1,11,22
93,L2_4,M1_GRPO_THROUGHPUT,M2_GRPO_ENERGY,27.00188,27.45384,1.6738,7.324137,6.429175,-12.2194,1,1,22,33
94,L2_4,M1_GRPO_THROUGHPUT,M2_GRPO_ENERGY,27.171735,27.337175,0.6089,7.241445,6.498419,-10.2607,1,1,22,33
95,L2_4,M1_GRPO_THROUGHPUT,M3_GRPO_IPW_BLEND,25.064974,24.356693,-2.8258,7.594823,6.538287,-13.9113,1,1,33,11
96,L2_4,M1_GRPO_THROUGHPUT,M3_GRPO_IPW_BLEND,25.168211,24.068776,-4.3683,7.583863,6.324604,-16.6044,0,1,33,11
97,L2_5,M1_GRPO_THROUGHPUT,M2_GRPO_ENERGY,30.60282,31.46021,2.8017,7.393154,6.359171,-13.9857,1,1,11,22
98,L2_5,M1_GRPO_THROUGHPUT,M2_GRPO_ENERGY,30.579274,31.307672,2.382,7.306384,6.208203,-15.0304,1,1,11,22
99,L2_5,M1_GRPO_THROUGHPUT,M3_GRPO_IPW_BLEND,25.041449,25.276453,0.9385,4.403043,3.838301,-12.8262,1,1,22,33
100,L2_5,M1_GRPO_THROUGHPUT,M3_GRPO_IPW_BLEND,25.19379,25.750607,2.2101,4.529474,3.764647,-16.8856,1,1,22,33
101,L2_6,M1_GRPO_THROUGHPUT,M2_GRPO_ENERGY,23.035978,23.2707,1.0189,7.612814,6.996915,-8.0903,1,1,33,11
102,L2_6,M1_GRPO_THROUGHPUT,M2_GRPO_ENERGY,22.615068,23.225315,2.6984,7.459987,6.983844,-6.3826,1,0,33,11
103,L2_6,M1_GRPO_THROUGHPUT,M3_GRPO_IPW_BLEND,22.43849,22.847238,1.8216,4.767074,3.98687,-16.3665,1,1,11,22
104,L2_6,M1_GRPO_THROUGHPUT,M3_GRPO_IPW_BLEND,22.559728,23.056219,2.2008,4.777725,3.876603,-18.8609,1,1,11,22
105,L2_7,M1_GRPO_THROUGHPUT,M2_GRPO_ENERGY,25.795365,25.085834,-2.7506,5.141887,4.767356,-7.2839,1,0,22,33
106,L2_7,M1_GRPO_THROUGHPUT,M2_GRPO_ENERGY,25.872128,25.165103,-2.7328,5.318896,4.711365,-11.4221,1,1,22,33
107,L2_7,M1_GRPO_THROUGHPUT,M3_GRPO_IPW_BLEND,28.894667,27.932506,-3.3299,6.665653,5.793819,-13.0795,0,1,33,11
108,L2_7,M1_GRPO_THROUGHPUT,M3_GRPO_IPW_BLEND,28.614189,28.104672,-1.7806,6.701967,5.61045,-16.2865,1,1,33,11
109,L2_8,M1_GRPO_THROUGHPUT,M2_GRPO_ENERGY,31.057505,32.068686,3.2558,5.291347,4.541307,-14.1748,0,1,11,22
110,L2_8,M1_GRPO_THROUGHPUT,M2_GRPO_ENERGY,31.320309,31.443507,0.3933,5.297119,4.501464,-15.0205,1,1,11,22
111,L2_8,M1_GRPO_THROUGHPUT,M3_GRPO_IPW_BLEND,30.252637,29.369155,-2.9203,5.855696,4.839936,-17.3465,1,1,22,33
112,L2_8,M1_GRPO_THROUGHPUT,M3_GRPO_IPW_BLEND,29.861438,29.361012,-1.6758,5.869723,4.947006,-15.7199,1,1,22,33
113,L2_9,M1_GRPO_THROUGHPUT,M2_GRPO_ENERGY,23.321911,23.087784,-1.0039,6.68046,5.731404,-14.2064,1,1,33,11
114,L2_9,M1_GRPO_THROUGHPUT,M2_GRPO_ENERGY,23.199834,22.778146,-1.8176,6.526296,5.732526,-12.1626,1,1,33,11
115,L2_9,M1_GRPO_THROUGHPUT,M3_GRPO_IPW_BLEND,30.535036,29.490302,-3.4214,5.859985,4.67964,-20.1425,0,1,11,22
116,L2_9,M1_GRPO_THROUGHPUT,M3_GRPO_IPW_BLEND,31.00904,30.054664,-3.0777,5.852819,4.613349,-21.1773,0,1,11,22
117,L2_10,M1_GRPO_THROUGHPUT,M2_GRPO_ENERGY,31.420511,31.198534,-0.7065,7.238664,6.340594,-12.4066,1,1,22,33
118,L2_10,M1_GRPO_THROUGHPUT,M2_GRPO_ENERGY,31.393163,31.046599,-1.1039,7.138002,6.32304,-11.4172,1,1,22,33
119,L2_10,M1_GRPO_THROUGHPUT,M3_GRPO_IPW_BLEND,28.878976,28.963557,0.2929,5.167485,4.595931,-11.0606,1,1,33,11
120,L2_10,M1_GRPO_THROUGHPUT,M3_GRPO_IPW_BLEND,28.70429,29.328777,2.1756,5.089231,4.437068,-12.8146,1,1,33,11
121,L2_11,M1_GRPO_THROUGHPUT,M2_GRPO_ENERGY,30.895372,30.914488,0.0619,6.234971,5.47845,-12.1335,1,1,11,22
122,L2_11,M1_GRPO_THROUGHPUT,M2_GRPO_ENERGY,30.852197,30.326469,-1.704,6.106792,5.533098,-9.3944,1,1,11,22
123,L2_11,M1_GRPO_THROUGHPUT,M3_GRPO_IPW_BLEND,23.254237,23.889226,2.7306,5.129238,4.489468,-12.473,1,1,22,33
124,L2_11,M1_GRPO_THROUGHPUT,M3_GRPO_IPW_BLEND,23.272987,23.915467,2.7606,5.083993,4.50445,-11.3994,1,1,22,33
125,L2_12,M1_GRPO_THROUGHPUT,M2_GRPO_ENERGY,29.879889,30.764793,2.9615,6.289286,5.660052,-10.0049,1,1,33,11
126,L2_12,M1_GRPO_THROUGHPUT,M2_GRPO_ENERGY,30.018196,30.458769,1.4677,6.407144,5.740107,-10.4108,1,1,33,11
127,L2_12,M1_GRPO_THROUGHPUT,M3_GRPO_IPW_BLEND,26.411467,26.641224,0.8699,4.826026,4.044809,-16.1876,1,1,11,22
128,L2_12,M1_GRPO_THROUGHPUT,M3_GRPO_IPW_BLEND,26.700283,26.817452,0.4388,4.853833,4.047693,-16.6083,1,1,11,22
129,L2_13,M1_GRPO_THROUGHPUT,M2_GRPO_ENERGY,31.69317,31.055271,-2.0127,5.080092,4.385988,-13.6632,1,1,22,33
130,L2_13,M1_GRPO_THROUGHPUT,M2_GRPO_ENERGY,31.879466,31.397922,-1.5105,5.16587,4.406115,-14.7072,1,1,22,33
131,L2_13,M1_GRPO_THROUGHPUT,M3_GRPO_IPW_BLEND,29.624101,30.740017,3.7669,4.66923,4.084754,-12.5176,0,1,33,11
132,L2_13,M1_GRPO_THROUGHPUT,M3_GRPO_IPW_BLEND,29.844972,30.986894,3.8262,4.630531,4.159749,-10.1669,0,1,33,11
133,L2_14,M1_GRPO_THROUGHPUT,M2_GRPO_ENERGY,29.067528,29.036148,-0.108,4.441634,3.952279,-11.0174,1,1,11,22
134,L2_14,M1_GRPO_THROUGHPUT,M2_GRPO_ENERGY,29.299671,28.657707,-2.191,4.520185,3.923892,-13.1918,1,1,11,22
135,L2_14,M1_GRPO_THROUGHPUT,M3_GRPO_IPW_BLEND,22.509729,22.424614,-0.3781,6.438421,5.326575,-17.2689,1,1,22,33
136,L2_14,M1_GRPO_THROUGHPUT,M3_GRPO_IPW_BLEND,22.743583,22.559962,-0.8074,6.251569,5.327472,-14.7818,1,1,22,33
137,L2_15,M1_GRPO_THROUGHPUT,M2_GRPO_ENERGY,25.117986,24.557553,-2.2312,4.67301,4.157731,-11.0267,1,1,33,11
138,L2_15,M1_GRPO_THROUGHPUT,M2_GRPO_ENERGY,25.321715,24.195666,-4.447,4.683671,4.172568,-10.9125,0,1,33,11
139,L2_15,M1_GRPO_THROUGHPUT,M3_GRPO_IPW_BLEND,28.239424,28.209097,-0.1074,5.324212,4.480586,-15.8451,1,1,11,22
140,L2_15,M1_GRPO_THROUGHPUT,M3_GRPO_IPW_BLEND,28.165248,28.363284,0.7031,5.179044,4.469061,-13.7088,1,1,11,22
141,L2_16,M1_GRPO_THROUGHPUT,M2_GRPO_ENERGY,23.584532,23.138881,-1.8896,4.442971,3.989883,-10.1979,1,1,22,33
142,L2_16,M1_GRPO_THROUGHPUT,M2_GRPO_ENERGY,23.393124,23.078833,-1.3435,4.460018,3.95865,-11.2414,1,1,22,33
143,L2_16,M1_GRPO_THROUGHPUT,M3_GRPO_IPW_BLEND,24.694237,24.421144,-1.1059,6.251324,5.078933,-18.7543,1,1,33,11
144,L2_16,M1_GRPO_THROUGHPUT,M3_GRPO_IPW_BLEND,24.603192,24.603858,0.0027,6.348719,5.178094,-18.4388,1,1,33,11
145,L2_17,M1_GRPO_THROUGHPUT,M2_GRPO_ENERGY,26.019316,25.509187,-1.9606,5.30427,4.884725,-7.9096,1,0,11,22
146,L2_17,M1_GRPO_THROUGHPUT,M2_GRPO_ENERGY,26.184669,25.385577,-3.0518,5.457849,4.888673,-10.4286,0,1,11,22
147,L2_17,M1_GRPO_THROUGHPUT,M3_GRPO_IPW_BLEND,28.56759,29.132904,1.9789,5.824339,4.655631,-20.0659,1,1,22,33
148,L2_17,M1_GRPO_THROUGHPUT,M3_GRPO_IPW_BLEND,28.532459,29.027338,1.7344,5.862171,4.688856,-20.015,1,1,22,33
149,L2_18,M1_GRPO_THROUGHPUT,M2_GRPO_ENERGY,24.444196,23.882009,-2.2999,5.14796,4.517501,-12.2468,1,1,33,11
150,L2_18,M1_GRPO_THROUGHPUT,M2_GRPO_ENERGY,24.107346,23.631541,-1.9737,5.066317,4.600559,-9.1932,1,1,33,11
151,L2_18,M1_GRPO_THROUGHPUT,M3_GRPO_IPW_BLEND,31.453462,32.473572,3.2432,7.334753,5.860605,-20.0981,0,1,11,22
152,L2_18,M1_GRPO_THROUGHPUT,M3_GRPO_IPW_BLEND,31.693387,32.054666,1.1399,7.219292,5.902864,-18.2349,1,1,11,22
153,L2_19,M1_GRPO_THROUGHPUT,M2_GRPO_ENERGY,23.178377,22.895934,-1.2186,6.32757,5.894279,-6.8477,1,0,22,33
154,L2_19,M1_GRPO_THROUGHPUT,M2_GRPO_ENERGY,23.016685,23.170803,0.6696,6.25928,5.921639,-5.3942,1,0,22,33
155,L2_19,M1_GRPO_THROUGHPUT,M3_GRPO_IPW_BLEND,30.251762,29.372868,-2.9053,5.129547,4.498631,-12.2997,1,1,33,11
156,L2_19,M1_GRPO_THROUGHPUT,M3_GRPO_IPW_BLEND,30.232663,29.630764,-1.9909,5.118972,4.533673,-11.4339,1,1,33,11
157,L2_20,M1_GRPO_THROUGHPUT,M2_GRPO_ENERGY,24.131631,24.066585,-0.2695,7.32369,6.870818,-6.1837,1,0,11,22
158,L2_20,M1_GRPO_THROUGHPUT,M2_GRPO_ENERGY,24.266183,24.457002,0.7864,7.380579,6.862235,-7.0231,1,0,11,22
159,L2_20,M1_GRPO_THROUGHPUT,M3_GRPO_IPW_BLEND,27.158673,27.857114,2.5717,4.609418,4.008759,-13.0311,1,1,22,33
160,L2_20,M1_GRPO_THROUGHPUT,M3_GRPO_IPW_BLEND,27.228827,27.410402,0.6669,4.546678,4.049072,-10.9444,1,1,22,33
161,L3_1,M1_GRPO_THROUGHPUT,M2_GRPO_ENERGY,31.129881,31.911236,2.51,6.157306,5.253037,-14.6861,1,1,33,11
162,L3_1,M1_GRPO_THROUGHPUT,M2_GRPO_ENERGY,31.049831,31.945144,2.8835,6.058098,5.071592,-16.2841,1,1,33,11
163,L3_1,M1_GRPO_THROUGHPUT,M3_GRPO_IPW_BLEND,24.851251,25.467106,2.4782,6.650863,5.826919,-12.3885,1,1,11,22
164,L3_1,M1_GRPO_THROUGHPUT,M3_GRPO_IPW_BLEND,24.706336,25.688344,3.9747,6.786583,5.844724,-13.8782,0,1,11,22
165,L3_2,M1_GRPO_THROUGHPUT,M2_GRPO_ENERGY,30.842365,31.278287,1.4134,4.797623,4.129903,-13.9177,1,1,22,33
166,L3_2,M1_GRPO_THROUGHPUT,M2_GRPO_ENERGY,30.887716,31.517755,2.0398,4.781613,4.137443,-13.4718,1,1,22,33
167,L3_2,M1_GRPO_THROUGHPUT,M3_GRPO_IPW_BLEND,30.427311,29.849144,-1.9002,5.139954,4.201921,-18.2498,1,1,33,11
168,L3_2,M1_GRPO_THROUGHPUT,M3_GRPO_IPW_BLEND,30.896342,30.471332,-1.3756,5.119602,4.233801,-17.3021,1,1,33,11
169,L3_3,M1_GRPO_THROUGHPUT,M2_GRPO_ENERGY,31.169768,30.678708,-1.5754,6.824257,6.273095,-8.0765,1,1,11,22
170,L3_3,M1_GRPO_THROUGHPUT,M2_GRPO_ENERGY,30.61252,31.11418,1.6387,6.703558,6.311711,-5.8454,1,0,11,22
171,L3_3,M1_GRPO_THROUGHPUT,M3_GRPO_IPW_BLEND,26.249496,25.892828,-1.3588,6.226752,5.189705,-16.6547,1,1,22,33
172,L3_3,M1_GRPO_THROUGHPUT,M3_GRPO_IPW_BLEND,26.388766,25.982152,-1.5409,6.180142,5.150939,-16.6534,1,1,22,33
173,L3_4,M1_GRPO_THROUGHPUT,M2_GRPO_ENERGY,24.629861,23.70262,-3.7647,7.813804,6.911462,-11.548,0,1,33,11
174,L3_4,M1_GRPO_THROUGHPUT,M2_GRPO_ENERGY,24.290805,23.758787,-2.1902,7.789799,7.129497,-8.4765,1,1,33,11
175,L3_4,M1_GRPO_THROUGHPUT,M3_GRPO_IPW_BLEND,31.570822,30.858375,-2.2567,6.224421,5.079132,-18.3999,1,1,11,22
176,L3_4,M1_GRPO_THROUGHPUT,M3_GRPO_IPW_BLEND,31.034209,30.289061,-2.4011,6.088398,4.903525,-19.4612,1,1,11,22
177,L3_5,M1_GRPO_THROUGHPUT,M2_GRPO_ENERGY,31.276937,32.223083,3.0251,7.443909,6.465289,-13.1466,0,1,22,33
178,L3_5,M1_GRPO_THROUGHPUT,M2_GRPO_ENERGY,31.102935,32.515375,4.5412,7.371334,6.54918,-11.1534,0,1,22,33
179,L3_5,M1_GRPO_THROUGHPUT,M3_GRPO_IPW_BLEND,25.198181,25.354274,0.6195,7.756495,6.860587,-11.5504,1,1,33,11
180,L3_5,M1_GRPO_THROUGHPUT,M3_GRPO_IPW_BLEND,25.275636,25.51895,0.9626,7.84064,6.809744,-13.1481,1,1,33,11
181,L3_6,M1_GRPO_THROUGHPUT,M2_GRPO_ENERGY,25.922373,26.27522,1.3612,7.788214,6.885079,-11.5962,1,1,11,22
182,L3_6,M1_GRPO_THROUGHPUT,M2_GRPO_ENERGY,25.440163,26.528697,4.2788,7.97036,6.79561,-14.739,0,1,11,22
183,L3_6,M1_GRPO_THROUGHPUT,M3_GRPO_IPW_BLEND,26.879642,27.257619,1.4062,6.478462,5.758256,-11.1169,1,1,22,33
184,L3_6,M1_GRPO_THROUGHPUT,M3_GRPO_IPW_BLEND,27.191166,26.980147,-0.7761,6.485993,5.769559,-11.0459,1,1,22,33
185,L3_7,M1_GRPO_THROUGHPUT,M2_GRPO_ENERGY,30.716009,30.41807,-0.97,6.309196,5.890494,-6.6364,1,0,33,11
186,L3_7,M1_GRPO_THROUGHPUT,M2_GRPO_ENERGY,30.374964,30.507868,0.4375,6.370104,5.853862,-8.1041,1,1,33,11
187,L3_7,M1_GRPO_THROUGHPUT,M3_GRPO_IPW_BLEND,29.328279,29.500749,0.5881,5.726953,4.520166,-21.0721,1,1,11,22
188,L3_7,M1_GRPO_THROUGHPUT,M3_GRPO_IPW_BLEND,29.76984,29.410964,-1.2055,5.679504,4.511264,-20.5694,1,1,11,22
189,L3_8,M1_GRPO_THROUGHPUT,M2_GRPO_ENERGY,24.959156,24.827422,-0.5278,7.404016,6.251099,-15.5715,1,1,22,33
190,L3_8,M1_GRPO_THROUGHPUT,M2_GRPO_ENERGY,24.610236,24.906558,1.2041,7.246939,6.211827,-14.2834,1,1,22,33
191,L3_8,M1_GRPO_THROUGHPUT,M3_GRPO_IPW_BLEND,27.412295,27.536793,0.4542,6.456398,5.732609,-11.2104,1,1,33,11
192,L3_8,M1_GRPO_THROUGHPUT,M3_GRPO_IPW_BLEND,27.473569,27.582229,0.3955,6.373894,5.702618,-10.5316,1,1,33,11
193,L3_9,M1_GRPO_THROUGHPUT,M2_GRPO_ENERGY,24.696325,25.273303,2.3363,7.906093,6.901958,-12.7008,1,1,11,22
194,L3_9,M1_GRPO_THROUGHPUT,M2_GRPO_ENERGY,24.780061,25.196678,1.6813,7.965107,6.71571,-15.6859,1,1,11,22
195,L3_9,M1_GRPO_THROUGHPUT,M3_GRPO_IPW_BLEND,30.927995,30.555655,-1.2039,4.59785,4.114001,-10.5234,1,1,22,33
196,L3_9,M1_GRPO_THROUGHPUT,M3_GRPO_IPW_BLEND,31.260917,30.300617,-3.0719,4.658994,4.131661,-11.3186,0,1,22,33
197,L3_10,M1_GRPO_THROUGHPUT,M2_GRPO_ENERGY,30.921254,30.726227,-0.6307,7.959157,6.725924,-15.4945,1,1,33,11
198,L3_10,M1_GRPO_THROUGHPUT,M2_GRPO_ENERGY,31.221128,31.251777,0.0982,7.81841,6.733407,-13.8775,1,1,33,11
199,L3_10,M1_GRPO_THROUGHPUT,M3_GRPO_IPW_BLEND,23.963912,24.194264,0.9612,6.295566,4.968841,-21.074,1,1,11,22
200,L3_10,M1_GRPO_THROUGHPUT,M3_GRPO_IPW_BLEND,24.180031,24.218613,0.1596,6.252681,5.008821,-19.8932,1,1,11,22
201,L3_11,M1_GRPO_THROUGHPUT,M2_GRPO_ENERGY,29.791655,28.611776,-3.9604,4.619366,3.953746,-14.4093,0,1,22,33
202,L3_11,M1_GRPO_THROUGHPUT,M2_GRPO_ENERGY,29.194068,28.502716,-2.3681,4.637246,4.050719,-12.6482,1,1,22,33
203,L3_11,M1_GRPO_THROUGHPUT,M3_GRPO_IPW_BLEND,24.974874,23.878825,-4.3886,6.139847,4.884352,-20.4483,0,1,33,11
204,L3_11,M1_GRPO_THROUGHPUT,M3_GRPO_IPW_BLEND,24.789041,24.202142,-2.3676,6.231647,4.870912,-21.8359,1,1,33,11
205,L3_12,M1_GRPO_THROUGHPUT,M2_GRPO_ENERGY,24.28435,23.84722,-1.8,6.946631,6.367877,-8.3314,1,1,11,22
206,L3_12,M1_GRPO_THROUGHPUT,M2_GRPO_ENERGY,24.433355,23.841252,-2.4233,6.920464,6.234351,-9.9143,1,1,11,22
207,L3_12,M1_GRPO_THROUGHPUT,M3_GRPO_IPW_BLEND,23.315331,23.096658,-0.9379,6.317788,5.495492,-13.0156,1,1,22,33
208,L3_12,M1_GRPO_THROUGHPUT,M3_GRPO_IPW_BLEND,23.397486,23.148367,-1.0647,6.275559,5.637913,-10.1608,1,1,22,33
209,L3_13,M1_GRPO_THROUGHPUT,M2_GRPO_ENERGY,27.406788,27.08769,-1.1643,5.290486,4.477551,-15.366,1,1,33,11
210,L3_13,M1_GRPO_THROUGHPUT,M2_GRPO_ENERGY,27.554811,27.040824,-1.8653,5.298934,4.469909,-15.6451,1,1,33,11
211,L3_13,M1_GRPO_THROUGHPUT,M3_GRPO_IPW_BLEND,26.077809,26.861934,3.0069,5.903775,5.105287,-13.525,0,1,11,22
212,L3_13,M1_GRPO_THROUGHPUT,M3_GRPO_IPW_BLEND,26.481806,26.740027,0.9751,5.775805,5.202033,-9.9341,1,1,11,22
213,L3_14,M1_GRPO_THROUGHPUT,M2_GRPO_ENERGY,29.06319,29.17666,0.3904,6.275734,5.43172,-13.4489,1,1,22,33
214,L3_14,M1_GRPO_THROUGHPUT,M2_GRPO_ENERGY,29.05255,29.691002,2.1976,6.331563,5.286766,-16.5014,1,1,22,33
215,L3_14,M1_GRPO_THROUGHPUT,M3_GRPO_IPW_BLEND,31.772493,32.239173,1.4688,5.550905,4.508949,-18.7709,1,1,33,11
216,L3_14,M1_GRPO_THROUGHPUT,M3_GRPO_IPW_BLEND,31.994653,31.594158,-1.2518,5.49012,4.47101,-18.5626,1,1,33,11
217,L3_15,M1_GRPO_THROUGHPUT,M2_GRPO_ENERGY,23.11702,23.855239,3.1934,6.296269,5.532993,-12.1227,0,1,11,22
218,L3_15,M1_GRPO_THROUGHPUT,M2_GRPO_ENERGY,23.268564,23.900863,2.7174,6.31404,5.445985,-13.748,1,1,11,22
219,L3_15,M1_GRPO_THROUGHPUT,M3_GRPO_IPW_BLEND,27.795296,27.230816,-2.0308,7.276834,6.137374,-15.6587,1,1,22,33
220,L3_15,M1_GRPO_THROUGHPUT,M3_GRPO_IPW_BLEND,27.498746,27.237584,-0.9497,7.216606,6.182998,-14.3226,1,1,22,33
221,L3_16,M1_GRPO_THROUGHPUT,M2_GRPO_ENERGY,27.321819,26.355431,-3.5371,4.679537,4.193954,-10.3767,0,1,33,11
222,L3_16,M1_GRPO_THROUGHPUT,M2_GRPO_ENERGY,27.003851,26.209615,-2.9412,4.659518,4.089039,-12.2433,1,1,33,11
223,L3_16,M1_GRPO_THROUGHPUT,M3_GRPO_IPW_BLEND,31.370323,30.851541,-1.6537,7.495323,6.623059,-11.6374,1,1,11,22
224,L3_16,M1_GRPO_THROUGHPUT,M3_GRPO_IPW_BLEND,31.577359,30.824897,-2.3829,7.522229,6.571891,-12.6337,1,1,11,22
225,L3_17,M1_GRPO_THROUGHPUT,M2_GRPO_ENERGY,23.309725,23.408096,0.422,7.08544,6.351094,-10.3642,1,1,22,33
226,L3_17,M1_GRPO_THROUGHPUT,M2_GRPO_ENERGY,23.32751,23.137333,-0.8152,7.049195,6.307555,-10.5209,1,1,22,33
227,L3_17,M1_GRPO_THROUGHPUT,M3_GRPO_IPW_BLEND,26.55494,27.174471,2.333,6.375503,5.488577,-13.9115,1,1,33,11
228,L3_17,M1_GRPO_THROUGHPUT,M3_GRPO_IPW_BLEND,26.628021,26.982241,1.3303,6.41825,5.604909,-12.6723,1,1,33,11
229,L3_18,M1_GRPO_THROUGHPUT,M2_GRPO_ENERGY,30.631556,31.352962,2.3551,6.605141,6.130232,-7.19,1,0,11,22
230,L3_18,M1_GRPO_THROUGHPUT,M2_GRPO_ENERGY,30.438388,31.328753,2.9251,6.603934,5.965486,-9.6677,1,1,11,22
231,L3_18,M1_GRPO_THROUGHPUT,M3_GRPO_IPW_BLEND,31.164469,31.521306,1.145,7.12704,5.752279,-19.2894,1,1,22,33
232,L3_18,M1_GRPO_THROUGHPUT,M3_GRPO_IPW_BLEND,30.828295,31.219527,1.2691,7.083245,5.710318,-19.3827,1,1,22,33
233,L3_19,M1_GRPO_THROUGHPUT,M2_GRPO_ENERGY,28.886681,29.733982,2.9332,7.084448,6.219086,-12.215,1,1,33,11
234,L3_19,M1_GRPO_THROUGHPUT,M2_GRPO_ENERGY,28.945721,29.533565,2.0308,7.118586,6.098744,-14.3265,1,1,33,11
235,L3_19,M1_GRPO_THROUGHPUT,M3_GRPO_IPW_BLEND,24.832072,24.458561,-1.5041,6.305423,5.586263,-11.4054,1,1,11,22
236,L3_19,M1_GRPO_THROUGHPUT,M3_GRPO_IPW_BLEND,24.651255,23.948497,-2.8508,6.257321,5.549725,-11.3083,1,1,11,22
237,L3_20,M1_GRPO_THROUGHPUT,M2_GRPO_ENERGY,26.689718,26.529581,-0.6,6.752002,6.104632,-9.5878,1,1,22,33
238,L3_20,M1_GRPO_THROUGHPUT,M2_GRPO_ENERGY,26.241836,26.632022,1.4869,6.838351,6.150768,-10.0548,1,1,22,33
239,L3_20,M1_GRPO_THROUGHPUT,M3_GRPO_IPW_BLEND,25.692412,26.136786,1.7296,5.550997,4.386406,-20.9798,1,1,33,11
240,L3_20,M1_GRPO_THROUGHPUT,M3_GRPO_IPW_BLEND,25.520901,26.492336,3.8064,5.532747,4.329,-21.7568,0,1,33,11
241,L4_1,M1_GRPO_THROUGHPUT,M2_GRPO_ENERGY,24.008813,24.558169,2.2881,5.169139,4.53163,-12.333,1,1,11,22
242,L4_1,M1_GRPO_THROUGHPUT,M2_GRPO_ENERGY,24.16591,24.441061,1.1386,5.090207,4.468933,-12.2053,1,1,11,22
243,L4_1,M1_GRPO_THROUGHPUT,M3_GRPO_IPW_BLEND,28.590525,28.587236,-0.0115,7.824299,6.231035,-20.363,1,1,22,33
244,L4_1,M1_GRPO_THROUGHPUT,M3_GRPO_IPW_BLEND,28.984013,28.497799,-1.6775,7.82439,6.388378,-18.353,1,1,22,33
245,L4_2,M1_GRPO_THROUGHPUT,M2_GRPO_ENERGY,27.688997,27.018874,-2.4202,6.520567,6.0355,-7.439,1,0,33,11
246,L4_2,M1_GRPO_THROUGHPUT,M2_GRPO_ENERGY,27.859939,27.434423,-1.5273,6.61548,5.937644,-10.2462,1,1,33,11
247,L4_2,M1_GRPO_THROUGHPUT,M3_GRPO_IPW_BLEND,29.161779,28.05162,-3.8069,7.174242,6.052624,-15.634,0,1,11,22
248,L4_2,M1_GRPO_THROUGHPUT,M3_GRPO_IPW_BLEND,29.349358,28.318848,-3.5112,6.971766,6.093067,-12.6037,0,1,11,22
249,L4_3,M1_GRPO_THROUGHPUT,M2_GRPO_ENERGY,29.483791,29.369041,-0.3892,5.828009,5.110025,-12.3195,1,1,22,33
250,L4_3,M1_GRPO_THROUGHPUT,M2_GRPO_ENERGY,29.821568,29.633709,-0.6299,5.761606,5.192408,-9.8792,1,1,22,33
251,L4_3,M1_GRPO_THROUGHPUT,M3_GRPO_IPW_BLEND,24.734886,25.708098,3.9346,6.052001,5.261565,-13.0607,0,1,33,11
252,L4_3,M1_GRPO_THROUGHPUT,M3_GRPO_IPW_BLEND,24.663092,25.477501,3.3021,6.028306,5.223623,-13.3484,0,1,33,11
253,L4_4,M1_GRPO_THROUGHPUT,M2_GRPO_ENERGY,24.341838,23.709028,-2.5997,6.913715,6.040476,-12.6305,1,1,11,22
254,L4_4,M1_GRPO_THROUGHPUT,M2_GRPO_ENERGY,24.618295,24.090501,-2.1439,7.08638,6.070727,-14.3325,1,1,11,22
255,L4_4,M1_GRPO_THROUGHPUT,M3_GRPO_IPW_BLEND,29.343968,30.350557,3.4303,5.262791,4.775879,-9.252,0,1,22,33
256,L4_4,M1_GRPO_THROUGHPUT,M3_GRPO_IPW_BLEND,29.571743,30.207187,2.1488,5.236452,4.749778,-9.294,1,1,22,33
257,L4_5,M1_GRPO_THROUGHPUT,M2_GRPO_ENERGY,25.54696,25.438939,-0.4228,7.624398,6.932165,-9.0792,1,1,33,11
258,L4_5,M1_GRPO_THROUGHPUT,M2_GRPO_ENERGY,25.614861,25.267752,-1.3551,7.695657,6.895823,-10.3933,1,1,33,11
259,L4_5,M1_GRPO_THROUGHPUT,M3_GRPO_IPW_BLEND,30.532214,29.292225,-4.0612,4.76773,4.151315,-12.9289,0,1,11,22
260,L4_5,M1_GRPO_THROUGHPUT,M3_GRPO_IPW_BLEND,29.920531,29.100711,-2.74,4.791793,4.090817,-14.6287,1,1,11,22
261,L4_6,M1_GRPO_THROUGHPUT,M2_GRPO_ENERGY,30.285867,30.56331,0.9161,5.190588,4.656883,-10.2822,1,1,22,33
262,L4_6,M1_GRPO_THROUGHPUT,M2_GRPO_ENERGY,30.555182,30.340746,-0.7018,5.1327,4.65879,-9.2331,1,1,22,33
263,L4_6,M1_GRPO_THROUGHPUT,M3_GRPO_IPW_BLEND,29.63497,29.53683,-0.3312,6.342973,5.095369,-19.6691,1,1,33,11
264,L4_6,M1_GRPO_THROUGHPUT,M3_GRPO_IPW_BLEND,29.554245,29.500343,-0.1824,6.221225,5.065347,-18.5796,1,1,33,11
265,L4_7,M1_GRPO_THROUGHPUT,M2_GRPO_ENERGY,22.59336,23.274693,3.0156,6.136111,5.439397,-11.3543,0,1,11,22
266,L4_7,M1_GRPO_THROUGHPUT,M2_GRPO_ENERGY,22.706898,23.049692,1.5096,6.263263,5.250196,-16.1747,1,1,11,22
267,L4_7,M1_GRPO_THROUGHPUT,M3_GRPO_IPW_BLEND,29.052327,29.120771,0.2356,4.930981,3.962386,-19.643,1,1,22,33
268,L4_7,M1_GRPO_THROUGHPUT,M3_GRPO_IPW_BLEND,29.091147,28.69332,-1.3675,4.879581,3.87742,-20.5379,1,1,22,33
269,L4_8,M1_GRPO_THROUGHPUT,M2_GRPO_ENERGY,30.932748,30.78624,-0.4736,4.982295,4.554993,-8.5764,1,1,33,11
270,L4_8,M1_GRPO_THROUGHPUT,M2_GRPO_ENERGY,30.775468,31.175259,1.2991,5.089082,4.594231,-9.7238,1,1,33,11
271,L4_8,M1_GRPO_THROUGHPUT,M3_GRPO_IPW_BLEND,27.756863,28.357104,2.1625,5.02704,4.556786,-9.3545,1,1,11,22
272,L4_8,M1_GRPO_THROUGHPUT,M3_GRPO_IPW_BLEND,27.928368,28.304704,1.3475,5.184191,4.608261,-11.1094,1,1,11,22
273,L4_9,M1_GRPO_THROUGHPUT,M2_GRPO_ENERGY,27.367648,27.922799,2.0285,5.948365,5.184108,-12.8482,1,1,22,33
274,L4_9,M1_GRPO_THROUGHPUT,M2_GRPO_ENERGY,27.378711,27.878868,1.8268,6.080025,5.363762,-11.7806,1,1,22,33
275,L4_9,M1_GRPO_THROUGHPUT,M3_GRPO_IPW_BLEND,22.632688,22.675899,0.1909,7.5077,6.105467,-18.6773,1,1,33,11
276,L4_9,M1_GRPO_THROUGHPUT,M3_GRPO_IPW_BLEND,22.725325,22.617002,-0.4767,7.518096,6.215494,-17.3262,1,1,33,11
277,L4_10,M1_GRPO_THROUGHPUT,M2_GRPO_ENERGY,23.837109,24.24442,1.7087,6.310639,5.703782,-9.6164,1,1,11,22
278,L4_10,M1_GRPO_THROUGHPUT,M2_GRPO_ENERGY,23.907753,23.894476,-0.0555,6.414167,5.578988,-13.0209,1,1,11,22
279,L4_10,M1_GRPO_THROUGHPUT,M3_GRPO_IPW_BLEND,30.116038,30.063727,-0.1737,6.436706,5.617693,-12.7241,1,1,22,33
280,L4_10,M1_GRPO_THROUGHPUT,M3_GRPO_IPW_BLEND,29.965563,29.504619,-1.5382,6.221848,5.435576,-12.6373,1,1,22,33
281,L4_11,M1_GRPO_THROUGHPUT,M2_GRPO_ENERGY,28.866069,28.333875,-1.8437,4.522975,3.909031,-13.5739,1,1,33,11
282,L4_11,M1_GRPO_THROUGHPUT,M2_GRPO_ENERGY,29.306744,28.303848,-3.4221,4.60143,3.8483,-16.3673,0,1,33,11
283,L4_11,M1_GRPO_THROUGHPUT,M3_GRPO_IPW_BLEND,28.09691,27.529015,-2.0212,5.191289,4.255164,-18.0326,1,1,11,22
284,L4_11,M1_GRPO_THROUGHPUT,M3_GRPO_IPW_BLEND,28.625575,27.451738,-4.1007,5.364799,4.276479,-20.2863,0,1,11,22
285,L4_12,M1_GRPO_THROUGHPUT,M2_GRPO_ENERGY,30.942042,31.627961,2.2168,6.044353,5.348321,-11.5154,1,1,22,33
286,L4_12,M1_GRPO_THROUGHPUT,M2_GRPO_ENERGY,30.719894,31.535638,2.6554,6.076241,5.414489,-10.8908,1,1,22,33
287,L4_12,M1_GRPO_THROUGHPUT,M3_GRPO_IPW_BLEND,23.666335,23.370038,-1.252,5.279811,4.420123,-16.2825,1,1,33,11
288,L4_12,M1_GRPO_THROUGHPUT,M3_GRPO_IPW_BLEND,23.824299,23.586091,-0.9998,5.291338,4.394519,-16.9488,1,1,33,11
289,L4_13,M1_GRPO_THROUGHPUT,M2_GRPO_ENERGY,28.609494,29.304369,2.4288,5.892248,5.157581,-12.4684,1,1,11,22
290,L4_13,M1_GRPO_THROUGHPUT,M2_GRPO_ENERGY,28.924103,29.136706,0.735,5.845089,5.228321,-10.5519,1,1,11,22
291,L4_13,M1_GRPO_THROUGHPUT,M3_GRPO_IPW_BLEND,24.175371,24.111152,-0.2656,4.862222,4.015771,-17.4087,1,1,22,33
292,L4_13,M1_GRPO_THROUGHPUT,M3_GRPO_IPW_BLEND,23.994987,23.784881,-0.8756,4.840124,4.081532,-15.673,1,1,22,33
293,L4_14,M1_GRPO_THROUGHPUT,M2_GRPO_ENERGY,23.485816,23.595276,0.4661,6.515854,5.799626,-10.9921,1,1,33,11
294,L4_14,M1_GRPO_THROUGHPUT,M2_GRPO_ENERGY,23.093848,23.245036,0.6547,6.51716,5.673557,-12.9443,1,1,33,11
295,L4_14,M1_GRPO_THROUGHPUT,M3_GRPO_IPW_BLEND,31.556562,31.268041,-0.9143,7.189937,6.08387,-15.3835,1,1,11,22
296,L4_14,M1_GRPO_THROUGHPUT,M3_GRPO_IPW_BLEND,31.712843,31.146326,-1.7864,7.282474,6.218508,-14.61,1,1,11,22
297,L4_15,M1_GRPO_THROUGHPUT,M2_GRPO_ENERGY,23.823797,24.394371,2.395,5.120363,4.583228,-10.4902,1,1,22,33
298,L4_15,M1_GRPO_THROUGHPUT,M2_GRPO_ENERGY,24.05433,24.273124,0.9096,5.113762,4.653182,-9.0067,1,1,22,33
299,L4_15,M1_GRPO_THROUGHPUT,M3_GRPO_IPW_BLEND,29.693446,30.46682,2.6045,6.49457,5.397916,-16.8857,1,1,33,11
300,L4_15,M1_GRPO_THROUGHPUT,M3_GRPO_IPW_BLEND,30.044345,30.049957,0.0187,6.480641,5.517787,-14.8574,1,1,33,11
301,L4_16,M1_GRPO_THROUGHPUT,M2_GRPO_ENERGY,24.080426,23.244492,-3.4714,4.689009,4.329304,-7.6712,0,0,11,22
302,L4_16,M1_GRPO_THROUGHPUT,M2_GRPO_ENERGY,23.689808,23.551903,-0.5821,4.773409,4.361935,-8.6201,1,1,11,22
303,L4_16,M1_GRPO_THROUGHPUT,M3_GRPO_IPW_BLEND,24.534008,24.94103,1.659,5.971746,4.797733,-19.6595,1,1,22,33
304,L4_16,M1_GRPO_THROUGHPUT,M3_GRPO_IPW_BLEND,24.309015,24.800277,2.0209,5.788235,4.852073,-16.1735,1,1,22,33
305,L4_17,M1_GRPO_THROUGHPUT,M2_GRPO_ENERGY,29.554016,30.304543,2.5395,7.813884,6.839479,-12.4702,1,1,33,11
306,L4_17,M1_GRPO_THROUGHPUT,M2_GRPO_ENERGY,29.907787,30.88319,3.2614,7.780854,7.043191,-9.4805,0,1,33,11
307,L4_17,M1_GRPO_THROUGHPUT,M3_GRPO_IPW_BLEND,23.301506,24.053346,3.2266,7.662276,6.527451,-14.8106,0,1,11,22
308,L4_17,M1_GRPO_THROUGHPUT,M3_GRPO_IPW_BLEND,23.788116,24.053085,1.1139,7.687238,6.624646,-13.8228,1,1,11,22
309,L4_18,M1_GRPO_THROUGHPUT,M2_GRPO_ENERGY,30.34942,31.011021,2.1799,6.627849,5.938643,-10.3986,1,1,22,33
310,L4_18,M1_GRPO_THROUGHPUT,M2_GRPO_ENERGY,30.539025,31.476138,3.0686,6.65657,5.813847,-12.66,0,1,22,33
311,L4_18,M1_GRPO_THROUGHPUT,M3_GRPO_IPW_BLEND,26.92654,27.686532,2.8225,7.731524,6.574166,-14.9693,1,1,33,11
312,L4_18,M1_GRPO_THROUGHPUT,M3_GRPO_IPW_BLEND,27.197771,27.886177,2.5311,7.645685,6.463267,-15.4652,1,1,33,11
313,L4_19,M1_GRPO_THROUGHPUT,M2_GRPO_ENERGY,26.955478,26.200436,-2.8011,4.556804,4.215843,-7.4825,1,0,11,22
314,L4_19,M1_GRPO_THROUGHPUT,M2_GRPO_ENERGY,27.125937,26.500047,-2.3073,4.587538,4.265843,-7.0124,1,0,11,22
315,L4_19,M1_GRPO_THROUGHPUT,M3_GRPO_IPW_BLEND,31.23216,31.047811,-0.5903,7.719408,6.365713,-17.5363,1,1,22,33
316,L4_19,M1_GRPO_THROUGHPUT,M3_GRPO_IPW_BLEND,31.85583,31.073192,-2.4568,7.780377,6.406926,-17.6528,1,1,22,33
317,L4_20,M1_GRPO_THROUGHPUT,M2_GRPO_ENERGY,23.091037,23.804144,3.0882,6.065071,5.347706,-11.8278,0,1,33,11
318,L4_20,M1_GRPO_THROUGHPUT,M2_GRPO_ENERGY,23.363773,23.8071,1.8975,5.95562,5.429956,-8.8264,1,1,33,11
319,L4_20,M1_GRPO_THROUGHPUT,M3_GRPO_IPW_BLEND,22.669855,23.671421,4.4181,6.348085,5.355678,-15.6332,0,1,11,22
320,L4_20,M1_GRPO_THROUGHPUT,M3_GRPO_IPW_BLEND,23.008964,23.289983,1.2213,6.470389,5.361309,-17.1409,1,1,11,22
